Category,Question,Answer
Billing & RCM,1. What are the key benefits of using SPRY for billing and revenue cycle management?,"SPRY offers a comprehensive billing and RCM solution that enhances the efficiency of your operations. With automated billing processes, real-time eligibility checks, and a transparent billing system, you can reduce claim processing times and minimize errors. Our AI Scribe feature also helps streamline documentation, ensuring that your billing is accurate and compliant with CPT and ICD-10 codes."
Billing & RCM,2. How does SPRY ensure data integrity during the migration process?,"We understand that data migration can be daunting, especially concerning data integrity. SPRY employs a thorough auditing process to verify data accuracy before, during, and after migration. Our team works closely with you to ensure that no key clinical information is lost, allowing for a smooth transition to our platform."
Billing & RCM,3. Can SPRY help streamline my billing process to improve cash flow?,"Absolutely! SPRY's integrated billing system automates many manual processes that lead to delays in cash flow. By enabling real-time co-pay collection and providing tools for tracking claim statuses, SPRY helps you achieve higher reimbursement rates and reduce accounts receivable, ultimately improving your clinic's cash flow."
Billing & RCM,4. What features does SPRY offer to help with compliance and reduce billing errors?,"SPRY includes built-in billing rules and coding integrations that automatically check for compliance with CPT and ICD-10 requirements. This reduces the chances of errors that could lead to claim delays and denials. Additionally, our customizable documentation templates ensure that all necessary information is captured accurately for billing purposes."
Billing & RCM,5. How does SPRY's automated billing feature work?,"SPRY's automated billing feature streamlines the entire billing process by automatically generating and sending invoices based on the patient’s treatment plan. It reduces the time spent on manual entry and helps to minimize errors, ensuring that payments are processed efficiently and accurately."
Billing & RCM,6. Is SPRY capable of integrating with my existing systems?,"Yes, SPRY is designed with integration in mind. Our platform can seamlessly connect with your existing EMR and scheduling systems, reducing the need for duplicate data entry and ensuring that all your patient information is synchronized across platforms. This integration enhances operational efficiency and improves the overall patient experience."
Billing & RCM,7. What support does SPRY provide during the onboarding and training process?,"SPRY offers comprehensive onboarding support to ensure a smooth transition to our platform. Our dedicated support team is available to guide you through the setup, provide training sessions for your staff, and assist with any questions that arise during the migration process. We aim to make your go-live experience as seamless as possible."
Billing & RCM,8. How can I customize SPRY to fit the specific needs of my clinic?,"SPRY offers a highly customizable platform that allows you to tailor workflows, documentation templates, and billing practices to meet your clinic's unique requirements. This flexibility ensures that you can easily adapt the system to your operational needs without compromising efficiency or compliance."
Billing & RCM,9. What if I have concerns about the timing of the migration and go-live date?,"We recognize that timing is critical for your clinic's operations. SPRY provides a clear timeline and detailed project management to ensure that you are ready for the go-live date. Our team will work with you to address any staffing or workload concerns, ensuring that the transition does not disrupt your clinic's operations."
Billing & RCM,10. How can SPRY help with managing claims and increasing reimbursement rates?,"SPRY enhances claims management through features like real-time eligibility verification and a robust billing dashboard that tracks claim statuses. By automating the billing process and ensuring compliance with insurance requirements, SPRY helps to increase the likelihood of clean claims and timely reimbursements, ultimately improving your bottom line."
Documentation (EMR),"1. What challenges do clinics face with documentation workflows, and how can SPRY help?","Clinics often struggle with complex documentation workflows that can lead to inefficiencies, delays in patient care, and errors in billing. SPRY addresses these challenges with customizable documentation templates and an AI-powered scribe feature that auto-generates clinical notes in real-time. This not only streamlines the documentation process but also ensures accuracy and compliance with care plan expirations, enhancing overall operational efficiency."
Documentation (EMR),2. How does SPRY improve data migration and integrity during the transition to your EMR system?,"SPRY prioritizes data integrity during migration by implementing thorough auditing processes to ensure no data is lost in the transition. Our dedicated support team guides clinics through each step, ensuring that all patient records and billing information are accurately transferred. This alleviates concerns regarding data integrity and helps maintain continuity in patient care."
Documentation (EMR),3. Can SPRY help with billing inefficiencies associated with documentation?,"Absolutely! SPRY integrates documentation with billing processes, which significantly reduces billing errors and improves claim processing times. Our automated billing modules not only streamline the submission of claims but also ensure that accurate CPT codes and modifiers are applied, leading to faster reimbursements and improved cash flow for your practice."
Documentation (EMR),4. What features does SPRY offer to enhance the patient experience during documentation?,"SPRY enhances the patient experience through an automated intake process that simplifies patient registration with digital forms. Additionally, our real-time online scheduling and automated communication features keep patients informed and engaged. These functionalities help clinics reduce administrative burdens and focus more on patient care."
Documentation (EMR),5. How does SPRY ensure compliance with documentation requirements?,"SPRY offers customizable templates that adhere to regulatory requirements, helping clinics stay compliant with care plan expirations and documentation standards. Our AI-generated clinical summaries and auto-populating forms help maintain accurate records, thus reducing the risk of compliance issues that can lead to audits or penalties."
Documentation (EMR),6. What support does SPRY provide during the onboarding process?,"SPRY provides comprehensive support during the onboarding process, which typically takes 3-6 weeks. Our team offers training sessions tailored to your clinic's needs, ensuring that staff are comfortable using the software. We also provide continuous support post-implementation to address any questions or concerns that may arise."
Documentation (EMR),7. How does SPRY handle the documentation needs of multi-location clinics?,"For multi-location clinics, SPRY offers robust features that improve visibility and standardization across all locations. Our documentation templates can be customized for specific practices, while the AI scribe feature ensures that all locations maintain consistent and accurate clinical records. This centralized approach enhances collaboration and communication among therapists and administrative staff."
Documentation (EMR),8. Can SPRY assist with managing patient records and billing without manual processes?,"Yes, SPRY is designed to eliminate manual processes by integrating EMR, patient management, scheduling, and billing into one comprehensive solution. This integration reduces errors and saves time, allowing clinic staff to focus on delivering high-quality patient care rather than administrative tasks."
Documentation (EMR),9. What if my clinic has unique documentation needs?,"SPRY is highly customizable, allowing clinics to tailor documentation templates and workflows to meet their specific needs. Whether you require specialized documentation for different therapy types or have unique compliance requirements, our platform can be adapted to suit your practice, ensuring that all documentation processes are efficient and effective."
Documentation (EMR),10. How does SPRY ensure that documentation is accessible even during connectivity issues?,"SPRY includes a Therapist Companion App that provides offline access to patient records and documentation features. This is particularly beneficial for clinics experiencing connectivity issues, ensuring that therapists can continue to document care without interruptions. The app also allows for seamless synchronization once connectivity is restored, ensuring that all data is up-to-date."
Scheduling & Front Desk,1. How does SPRY streamline the patient scheduling process?,"SPRY offers real-time online scheduling that allows patients to book appointments based on dynamic availability. This feature minimizes scheduling conflicts and ensures that your clinic operates efficiently. The automated communication system sends reminders and confirmations to patients, reducing no-show rates and enhancing the overall patient experience."
Scheduling & Front Desk,2. What features does SPRY provide to manage appointment cancellations and rescheduling?,"SPRY enables easy management of appointment cancellations and rescheduling through its user-friendly interface. Patients can modify their appointments online, and staff members receive instant notifications, allowing for quick adjustments. This flexibility helps maintain an organized schedule and improves patient satisfaction."
Scheduling & Front Desk,3. Can SPRY integrate with my existing systems for seamless scheduling?,"Absolutely! SPRY is designed with integration in mind, allowing seamless connectivity with various systems you may already use. This capability ensures that your scheduling, billing, and documentation processes are cohesive, minimizing data silos and enhancing operational efficiency."
Scheduling & Front Desk,4. How does SPRY address data migration concerns during the switch to your platform?,"SPRY prioritizes data integrity with a meticulous data migration process. We conduct thorough audits to ensure that no data is lost during the transition. Our expert support team is available to guide you through the entire migration, offering reassurance and clarity along the way."
Scheduling & Front Desk,5. What measures does SPRY take to prevent double bookings?,"SPRY employs a robust scheduling algorithm that constantly updates availability in real-time. This intelligent system reduces the chances of double bookings and manages appointment lengths effectively, ensuring that your clinic runs smoothly and without scheduling conflicts."
Scheduling & Front Desk,6. How does the automated patient intake process work?,The automated patient intake process allows patients to complete their forms online before their appointment. This not only saves time during the visit but also ensures that the information collected is accurate and readily available for therapists. SPRY’s customizable templates and auto-populating fields streamline this process effectively.
Scheduling & Front Desk,7. How can SPRY help my clinic manage therapist schedules efficiently?,"SPRY offers a calendar view with filtering options that allow you to manage multiple therapists’ schedules effortlessly. You can assign appointments based on therapist availability and specialties, creating a harmonious workflow that maximizes your staff’s productivity."
Scheduling & Front Desk,8. What support does SPRY provide during the onboarding process for scheduling features?,"SPRY offers comprehensive training and support during the onboarding process. Our team will walk you through the scheduling features, ensuring that your staff is comfortable and proficient in using the system. We understand the importance of a smooth transition, especially with upcoming patient volumes."
Scheduling & Front Desk,9. How does SPRY help with communicating appointment details to patients?,"SPRY’s automated communication system sends timely reminders and confirmations via SMS or email. This proactive approach keeps patients informed about their upcoming appointments, reduces missed appointments, and enhances overall patient engagement."
Scheduling & Front Desk,10. What are the customization options available for scheduling in SPRY?,"SPRY provides a range of customization options to fit the unique needs of your clinic. You can adjust clinic hours, set specific appointment types, and configure scheduling rules based on your operational requirements. This flexibility ensures you can tailor the system to match your clinic's workflow seamlessly."
Compliance & Reporting,1. What measures does SPRY take to ensure compliance with documentation standards?,"SPRY provides customizable templates and auto-populating patient intake forms that adhere to the latest healthcare regulations. With our AI-generated clinical summaries, you can ensure that all necessary documentation is completed accurately and consistently, reducing the risk of compliance issues."
Compliance & Reporting,2. How does SPRY help with care plan expirations and renewal processes?,"SPRY features built-in reminders for care plan expirations, allowing you to proactively manage renewals. This ensures that you remain compliant with healthcare regulations and avoids potential disruptions in patient care."
Compliance & Reporting,3. Can SPRY assist in billing compliance related to CPT and ICD-10 codes?,"Yes! SPRY offers automated billing settings that help to ensure compliance with CPT and ICD-10 coding. Our system provides integrated eligibility checks and automated claim submissions, which significantly reduces the risk of coding errors and claim delays."
Compliance & Reporting,4. How does SPRY ensure data integrity during the onboarding and migration process?,"SPRY prioritizes data accuracy with a robust data migration plan that includes verification steps. Our team offers transparent communication and regular updates during the onboarding process, ensuring that your clinical and billing data is transferred accurately and securely."
Compliance & Reporting,5. What reporting capabilities does SPRY offer to track compliance and performance metrics?,SPRY provides customizable dashboards and comprehensive reporting functionalities that allow you to track compliance metrics and performance indicators. This helps in identifying areas for improvement and ensuring that your practice meets regulatory requirements.
Compliance & Reporting,6. How does SPRY handle patient data security and retention?,"SPRY follows strict data protection regulations and employs advanced encryption methods to safeguard patient data. Our system also includes features for legal record retention, ensuring that you remain compliant with retention laws for clinical documentation."
Compliance & Reporting,7. What support does SPRY offer for staff training on compliance and reporting features?,"SPRY provides extensive training resources, including webinars, tutorials, and one-on-one guidance. Our support team is dedicated to ensuring that your staff is well-versed in compliance documentation and reporting processes, reducing the learning curve during the transition."
Compliance & Reporting,8. How does SPRY help in improving the accuracy and reliability of reports?,"SPRY's enhanced reporting capabilities utilize real-time data to minimize errors and improve accuracy. Features like customizable templates and automated report generation ensure that you can produce reliable reports quickly, facilitating better communication with referring physicians."
Compliance & Reporting,9. Can SPRY assist with the complexities of managing multiple insurance cases?,"Absolutely! SPRY's robust billing system automates the management of multiple insurance cases, ensuring compliance with respective billing rules. With features like bulk invoicing automation and customizable reports, you can streamline your billing processes efficiently."
Compliance & Reporting,10. What are the benefits of using SPRY’s AI-powered scribe for documentation?,"SPRY’s AI-powered scribe captures clinical sessions in real-time, reducing the manual documentation burden on your therapists. This ensures high compliance with documentation standards and improves the accuracy of clinical records while allowing clinicians to focus more on patient care.
By addressing these FAQs, we hope to clarify how SPRY's Compliance & Reporting features can alleviate your pain points and enhance your clinic's operational efficiency."
Patient Engagement,"1. What is the Patient Engagement feature, and how does it benefit my practice?","The Patient Engagement feature in SPRY allows for seamless communication and interaction between you and your patients. It includes functionalities like a dedicated patient portal, self-service scheduling, and automated reminders, which enhance patient satisfaction and retention. By centralizing these tools, you can improve patient compliance, reduce no-shows, and streamline the overall patient experience."
Patient Engagement,2. How does SPRY improve the patient intake process?,"SPRY offers customizable documentation templates that simplify the patient intake process. With features like dynamic consent forms and automated eligibility verification, you can ensure that all necessary information is collected efficiently. This reduces confusion and errors, allowing your staff to focus on patient care rather than administrative tasks."
Patient Engagement,3. Can patients schedule their appointments online with SPRY?,"Yes! SPRY’s patient portal supports self-service scheduling, allowing patients to book appointments at their convenience. They can select from available time slots, reducing the burden on your staff and improving patient satisfaction by providing flexibility in managing their healthcare needs."
Patient Engagement,4. How does SPRY handle patient communication?,"SPRY enhances patient communication by automating reminders and follow-ups through emails and text messages. This ensures patients stay informed about their appointments, treatment plans, and any necessary actions they need to take, which helps in minimizing missed appointments and improving overall engagement."
Patient Engagement,5. What features does SPRY offer for home exercise programs (HEP)?,"The integration of home exercise programs (HEP) within SPRY allows for easy access to a library of exercises, which patients can view via their mobile devices. This feature not only enhances patient engagement through active participation in their recovery but also facilitates better tracking of compliance with prescribed exercises."
Patient Engagement,6. Is the patient portal customizable to meet my clinic's specific needs?,"Absolutely! SPRY’s patient portal is highly customizable, allowing you to tailor it to your clinic’s specific requirements. You can modify the functionalities, streamline communication, and ensure that it reflects your clinic's branding, enhancing the overall patient experience and engagement."
Patient Engagement,7. How can I track patient engagement and follow-ups through SPRY?,"SPRY provides comprehensive analytics and reporting tools that allow you to monitor patient engagement levels effectively. You can track metrics such as appointment attendance, exercise compliance, and communication responsiveness, enabling you to make informed decisions about patient outreach and care strategies."
Patient Engagement,8. What if I have existing systems in place? Can SPRY integrate with them?,"SPRY is designed to facilitate smooth data migration and integrate with various existing systems. While transitioning, our dedicated support team will assist you in ensuring that all patient data, including engagement history, is seamlessly transferred to minimize disruptions to your practice."
Patient Engagement,9. How does SPRY ensure patient data security during engagement processes?,"SPRY prioritizes patient data security by adhering to HIPAA compliance standards. All communications, including those through the patient portal, are encrypted and secure, ensuring that sensitive patient information is protected at all times while maintaining engagement and open communication."
Patient Engagement,10. What kind of support does SPRY offer during and after implementation?,"SPRY provides comprehensive support during the implementation process, including training sessions for your staff and ongoing assistance as needed. Our customer service team is readily available to address any questions or concerns, ensuring a smooth transition and continuous improvement in patient engagement practices."